{"c1d0|s0": {"famA": 0.9512195121951219, "famC": 0.0, "all2": 0.4875, "n1": 1.0, "n0": 1.0, "n1_inval": 0.0, "p_escalate_composed": 0.4192543029785156, "p_credit_composed": 0.5754051208496094}, "c1d8|s0": {"famA": 1.0, "famC": 1.0, "all2": 1.0, "n1": 1.0, "n0": 1.0, "n1_inval": 0.0, "p_escalate_composed": 0.998525857925415, "p_credit_composed": 0.00023595336824655533}, "c1d64|s0": {"famA": 1.0, "famC": 1.0, "all2": 1.0, "n1": 1.0, "n0": 1.0, "n1_inval": 0.0, "p_escalate_composed": 0.9987123012542725, "p_credit_composed": 0.00016223956481553614}, "c1d0|s1": {"famA": 0.0, "famC": 0.8461538461538461, "all2": 0.4125, "n1": 1.0, "n0": 0.8208333333333333, "n1_inval": 0.0, "p_escalate_composed": 0.016031213104724884, "p_credit_composed": 0.9799955487251282}, "c1d8|s1": {"famA": 1.0, "famC": 1.0, "all2": 1.0, "n1": 1.0, "n0": 1.0, "n1_inval": 0.0, "p_escalate_composed": 0.9949337244033813, "p_credit_composed": 0.002363241510465741}, "c1d64|s1": {"famA": 1.0, "famC": 1.0, "all2": 1.0, "n1": 1.0, "n0": 1.0, "n1_inval": 0.0, "p_escalate_composed": 0.9982907176017761, "p_credit_composed": 0.0005631696549244225}, "c1d0|s2": {"famA": 0.0, "famC": 0.0, "all2": 0.0, "n1": 1.0, "n0": 0.5, "n1_inval": 0.0, "p_escalate_composed": 0.1342729777097702, "p_credit_composed": 0.7362841367721558}, "c1d8|s2": {"famA": 1.0, "famC": 0.9948717948717949, "all2": 0.9975, "n1": 1.0, "n0": 1.0, "n1_inval": 0.0, "p_escalate_composed": 0.9980950355529785, "p_credit_composed": 0.0006998715689405799}, "c1d64|s2": {"famA": 1.0, "famC": 1.0, "all2": 1.0, "n1": 1.0, "n0": 1.0, "n1_inval": 0.0, "p_escalate_composed": 0.9985610842704773, "p_credit_composed": 0.000384972314350307}, "c1d0|s3": {"famA": 0.9951219512195122, "famC": 0.0, "all2": 0.51, "n1": 1.0, "n0": 1.0, "n1_inval": 0.0, "p_escalate_composed": 0.4719880223274231, "p_credit_composed": 0.5010226964950562}, "c1d8|s3": {"famA": 1.0, "famC": 1.0, "all2": 1.0, "n1": 1.0, "n0": 1.0, "n1_inval": 0.0, "p_escalate_composed": 0.9945098161697388, "p_credit_composed": 0.0037478262092918158}, "c1d0|s4": {"famA": 1.0, "famC": 1.0, "all2": 1.0, "n1": 1.0, "n0": 0.8166666666666667, "n1_inval": 0.0, "p_escalate_composed": 0.997455358505249, "p_credit_composed": 0.0010326583869755268}, "c1d8|s4": {"famA": 1.0, "famC": 1.0, "all2": 1.0, "n1": 1.0, "n0": 1.0, "n1_inval": 0.0, "p_escalate_composed": 0.9968051910400391, "p_credit_composed": 0.0011800669599324465}, "base|s0": {"famA": 1.0, "famC": 0.9948717948717949, "all2": 0.9975, "n1": 1.0, "n0": 1.0, "n1_inval": 0.0, "p_escalate_composed": 0.8535342216491699, "p_credit_composed": 0.12348534166812897}, "base|s1": {"famA": 0.0, "famC": 1.0, "all2": 0.4875, "n1": 1.0, "n0": 1.0, "n1_inval": 0.0, "p_escalate_composed": 0.05165538191795349, "p_credit_composed": 0.9314295649528503}, "base|s2": {"famA": 1.0, "famC": 0.9897435897435898, "all2": 0.995, "n1": 1.0, "n0": 0.9958333333333333, "n1_inval": 0.0, "p_escalate_composed": 0.9560197591781616, "p_credit_composed": 0.028508920222520828}, "base|s3": {"famA": 0.926829268292683, "famC": 0.9948717948717949, "all2": 0.96, "n1": 0.8791666666666667, "n0": 0.825, "n1_inval": 0.025, "p_escalate_composed": 0.6197922229766846, "p_credit_composed": 0.354724258184433}, "base|s4": {"famA": 0.0, "famC": 1.0, "all2": 0.4875, "n1": 1.0, "n0": 1.0, "n1_inval": 0.0, "p_escalate_composed": 0.16414330899715424, "p_credit_composed": 0.8233345746994019}, "ext|s1": {"famA": 0.0, "famC": 1.0, "all2": 0.4875, "n1": 1.0, "n0": 1.0, "n1_inval": 0.0, "p_escalate_composed": 0.0003664612886495888, "p_credit_composed": 0.9989466667175293}, "ext|s4": {"famA": 0.0, "famC": 1.0, "all2": 0.4875, "n1": 1.0, "n0": 1.0, "n1_inval": 0.0, "p_escalate_composed": 0.0012571087572723627, "p_credit_composed": 0.9982885122299194}, "w48d0|s0": {"famA": 1.0, "famC": 1.0, "all2": 1.0, "n1": 1.0, "n0": 0.8166666666666667, "n1_inval": 0.0, "p_escalate_composed": 0.9954262971878052, "p_credit_composed": 0.001102242385968566}, "w48d8|s0": {"famA": 1.0, "famC": 0.0, "all2": 0.5125, "n1": 1.0, "n0": 1.0, "n1_inval": 0.0, "p_escalate_composed": 0.9941251277923584, "p_credit_composed": 0.0011325653176754713}, "w48d0|s1": {"famA": 0.0, "famC": 1.0, "all2": 0.4875, "n1": 1.0, "n0": 1.0, "n1_inval": 0.0, "p_escalate_composed": 0.0222136490046978, "p_credit_composed": 0.9724439382553101}, "w48d8|s1": {"famA": 1.0, "famC": 1.0, "all2": 1.0, "n1": 1.0, "n0": 1.0, "n1_inval": 0.0, "p_escalate_composed": 0.9922561645507812, "p_credit_composed": 0.0050836121663451195}, "w48d0|s2": {"famA": 1.0, "famC": 0.9948717948717949, "all2": 0.9975, "n1": 1.0, "n0": 1.0, "n1_inval": 0.0, "p_escalate_composed": 0.8797261714935303, "p_credit_composed": 0.008114905096590519}, "w48d8|s2": {"famA": 1.0, "famC": 1.0, "all2": 1.0, "n1": 1.0, "n0": 0.8208333333333333, "n1_inval": 0.0, "p_escalate_composed": 0.9926750659942627, "p_credit_composed": 0.0024755222257226706}, "w144d0|s0": {"famA": 0.11219512195121951, "famC": 1.0, "all2": 0.545, "n1": 1.0, "n0": 1.0, "n1_inval": 0.0, "p_escalate_composed": 0.2688295841217041, "p_credit_composed": 0.7256075143814087}, "w144d8|s0": {"famA": 1.0, "famC": 1.0, "all2": 1.0, "n1": 1.0, "n0": 1.0, "n1_inval": 0.0, "p_escalate_composed": 0.9985307455062866, "p_credit_composed": 0.00018800882389768958}, "w144d0|s1": {"famA": 0.01951219512195122, "famC": 1.0, "all2": 0.4975, "n1": 1.0, "n0": 1.0, "n1_inval": 0.0, "p_escalate_composed": 0.18405002355575562, "p_credit_composed": 0.7942765355110168}, "w144d8|s1": {"famA": 0.2926829268292683, "famC": 0.3487179487179487, "all2": 0.32, "n1": 0.36666666666666664, "n0": 0.23333333333333334, "n1_inval": 4.841666666666667, "p_escalate_composed": 0.8957524299621582, "p_credit_composed": 0.0605698898434639}, "n16d0|s0": {"famA": 1.0, "famC": 1.0, "all2": 1.0, "n1": 1.0, "n0": 1.0, "n1_inval": 0.0, "p_escalate_composed": 0.9756733179092407, "p_credit_composed": 0.009766059927642345}, "n16d0|s1": {"famA": 0.0, "famC": 1.0, "all2": 0.4875, "n1": 1.0, "n0": 1.0, "n1_inval": 0.0, "p_escalate_composed": 0.004520128481090069, "p_credit_composed": 0.9928182363510132}, "n16d0|s2": {"famA": 1.0, "famC": 1.0, "all2": 1.0, "n1": 1.0, "n0": 1.0, "n1_inval": 0.0, "p_escalate_composed": 0.8829699754714966, "p_credit_composed": 0.11095821112394333}, "w144d8|s2": {"famA": 1.0, "famC": 1.0, "all2": 1.0, "n1": 1.0, "n0": 1.0, "n1_inval": 0.0, "p_escalate_composed": 0.9983093738555908, "p_credit_composed": 0.0008414359763264656}}