{"succ_p_hist": [5, 2, 9, 8, 2, 0, 1, 25, 4, 8, 11, 8, 1, 8, 18, 7, 70, 6, 122, 3496], "fail_p_hist": [63, 19, 14, 8, 5, 4, 5, 4, 1, 1, 0, 1, 1, 3, 1, 5, 8, 10, 61, 1710], "succ_p_median": 0.9977633953094482, "fail_p_median": 0.9977326989173889, "succ_p_frac_below_0.9": 0.05064287588559433, "fail_p_frac_below_0.9": 0.07952182952182953, "n_succ_tokens": 3811, "n_fail_tokens": 1924, "grad_mass": {"neg|3": 0.330514056620646, "neg|2": 0.8346187478138167, "pos|3": 0.3506179841835416, "pos|2": 0.9182155468463106, "pos|0": 4.214795342216541, "neg|0": 9.272059551433923, "neg|1": 0.7262213009558153, "pos|1": 1.7874218744879011}, "bins": [0.0, 0.5, 0.9, 0.99, 1.0]}