{"tau0.1|n1|s0": {"success": 0.9966666666666667, "regen": 1.8833333333333333, "invalid": 0.0033333333333333335, "P": 1.0, "R": 1.0}, "tau0.2|n1|s0": {"success": 0.9966666666666667, "regen": 1.8833333333333333, "invalid": 0.0033333333333333335, "P": 1.0, "R": 1.0}, "tau0.35|n1|s0": {"success": 0.9966666666666667, "regen": 1.8833333333333333, "invalid": 0.0033333333333333335, "P": 1.0, "R": 1.0}, "tau0.5|n1|s0": {"success": 0.9966666666666667, "regen": 1.8833333333333333, "invalid": 0.0033333333333333335, "P": 1.0, "R": 1.0}, "tau0.65|n1|s0": {"success": 0.9966666666666667, "regen": 1.8833333333333333, "invalid": 0.0033333333333333335, "P": 1.0, "R": 1.0}, "tau0.1|n2|s0": {"success": 1.0, "regen": 2.006666666666667, "invalid": 0.0, "P": 1.0, "R": 1.0}, "tau0.2|n2|s0": {"success": 1.0, "regen": 2.006666666666667, "invalid": 0.0, "P": 1.0, "R": 1.0}, "tau0.35|n2|s0": {"success": 1.0, "regen": 2.006666666666667, "invalid": 0.0, "P": 1.0, "R": 1.0}, "tau0.5|n2|s0": {"success": 1.0, "regen": 2.006666666666667, "invalid": 0.0, "P": 1.0, "R": 1.0}, "tau0.65|n2|s0": {"success": 1.0, "regen": 2.01, "invalid": 0.0, "P": 0.9983416252072969, "R": 1.0}, "tau0.1|n1|s1": {"success": 1.0, "regen": 1.9533333333333334, "invalid": 0.0, "P": 1.0, "R": 0.966996699669967}, "tau0.2|n1|s1": {"success": 1.0, "regen": 1.9533333333333334, "invalid": 0.0, "P": 1.0, "R": 0.966996699669967}, "tau0.35|n1|s1": {"success": 1.0, "regen": 1.9533333333333334, "invalid": 0.0, "P": 1.0, "R": 0.966996699669967}, "tau0.5|n1|s1": {"success": 1.0, "regen": 1.98, "invalid": 0.0, "P": 0.9949494949494949, "R": 0.9784768211920529}, "tau0.65|n1|s1": {"success": 1.0, "regen": 2.06, "invalid": 0.0, "P": 0.970873786407767, "R": 0.9983361064891847}, "tau0.1|n2|s1": {"success": 0.5333333333333333, "regen": 2.6133333333333333, "invalid": 0.4666666666666667, "P": 0.8201530612244898, "R": 0.7977667493796526}, "tau0.2|n2|s1": {"success": 0.5333333333333333, "regen": 2.6133333333333333, "invalid": 0.4666666666666667, "P": 0.8201530612244898, "R": 0.7977667493796526}, "tau0.35|n2|s1": {"success": 0.5333333333333333, "regen": 2.6133333333333333, "invalid": 0.4666666666666667, "P": 0.8201530612244898, "R": 0.7977667493796526}, "tau0.5|n2|s1": {"success": 0.5333333333333333, "regen": 2.6633333333333336, "invalid": 0.4666666666666667, "P": 0.8160200250312891, "R": 0.8099378881987578}, "tau0.65|n2|s1": {"success": 0.5333333333333333, "regen": 2.74, "invalid": 0.4666666666666667, "P": 0.8077858880778589, "R": 0.8268991282689913}, "calib_s2d0_famC": {"0.35": {"famC_n0": 0.0, "famA_n0": 0.532608695652174}, "0.15": {"famC_n0": 0.0, "famA_n0": 0.532608695652174}}, "tau0.1|n1|s2": {"success": 1.0, "regen": 1.97, "invalid": 0.0, "P": 1.0, "R": 0.9486356340288925}, "tau0.2|n1|s2": {"success": 1.0, "regen": 1.9833333333333334, "invalid": 0.0, "P": 1.0, "R": 0.9550561797752809}, "tau0.35|n1|s2": {"success": 1.0, "regen": 2.02, "invalid": 0.0, "P": 0.9983498349834984, "R": 0.9742351046698873}, "tau0.5|n1|s2": {"success": 1.0, "regen": 2.0366666666666666, "invalid": 0.0, "P": 0.9934533551554828, "R": 0.9869918699186991}, "tau0.65|n1|s2": {"success": 1.0, "regen": 2.0766666666666667, "invalid": 0.0, "P": 0.9823434991974318, "R": 0.996742671009772}, "tau0.1|n2|s2": {"success": 0.83, "regen": 1.94, "invalid": 0.17, "P": 1.0, "R": 0.9037267080745341}, "tau0.2|n2|s2": {"success": 0.98, "regen": 2.09, "invalid": 0.02, "P": 1.0, "R": 0.9736024844720497}, "tau0.35|n2|s2": {"success": 0.9933333333333333, "regen": 2.1033333333333335, "invalid": 0.006666666666666667, "P": 1.0, "R": 0.9798136645962733}, "tau0.5|n2|s2": {"success": 0.9933333333333333, "regen": 2.1233333333333335, "invalid": 0.006666666666666667, "P": 0.9952904238618524, "R": 0.9860031104199067}, "tau0.65|n2|s2": {"success": 0.9933333333333333, "regen": 2.1633333333333336, "invalid": 0.006666666666666667, "P": 0.987673343605547, "R": 0.9968895800933126}, "tau0.1|n1|s3": {"success": 0.8333333333333334, "regen": 1.7666666666666666, "invalid": 0.04666666666666667, "P": 1.0, "R": 0.9090909090909091}, "tau0.2|n1|s3": {"success": 0.8333333333333334, "regen": 1.7666666666666666, "invalid": 0.04666666666666667, "P": 1.0, "R": 0.9090909090909091}, "tau0.35|n1|s3": {"success": 0.8733333333333333, "regen": 1.8133333333333332, "invalid": 0.006666666666666667, "P": 1.0, "R": 0.9696969696969697}, "tau0.5|n1|s3": {"success": 0.8666666666666667, "regen": 1.8433333333333333, "invalid": 0.0, "P": 0.9873417721518988, "R": 0.9802513464991023}, "tau0.65|n1|s3": {"success": 0.84, "regen": 2.1466666666666665, "invalid": 0.03333333333333333, "P": 0.8928571428571429, "R": 1.0}, "tau0.1|n2|s3": {"success": 0.8566666666666667, "regen": 2.01, "invalid": 0.15, "P": 1.0, "R": 0.8317241379310345}, "tau0.2|n2|s3": {"success": 0.8566666666666667, "regen": 2.01, "invalid": 0.15, "P": 1.0, "R": 0.8317241379310345}, "tau0.35|n2|s3": {"success": 0.97, "regen": 2.1633333333333336, "invalid": 0.03666666666666667, "P": 1.0, "R": 0.9788838612368024}, "tau0.5|n2|s3": {"success": 0.9933333333333333, "regen": 2.1933333333333334, "invalid": 0.013333333333333334, "P": 0.9984802431610942, "R": 1.0}, "tau0.65|n2|s3": {"success": 0.8633333333333333, "regen": 3.06, "invalid": 0.14333333333333334, "P": 0.7647058823529411, "R": 1.0}, "tau0.1|n1|s4": {"success": 1.0, "regen": 2.06, "invalid": 0.0, "P": 1.0, "R": 0.9142011834319527}, "tau0.2|n1|s4": {"success": 1.0, "regen": 2.06, "invalid": 0.0, "P": 1.0, "R": 0.9142011834319527}, "tau0.35|n1|s4": {"success": 1.0, "regen": 2.09, "invalid": 0.0, "P": 0.9952153110047847, "R": 0.9258160237388724}, "tau0.5|n1|s4": {"success": 1.0, "regen": 2.1233333333333335, "invalid": 0.0, "P": 0.9858712715855573, "R": 0.9345238095238095}, "tau0.65|n1|s4": {"success": 1.0, "regen": 2.26, "invalid": 0.0, "P": 0.9513274336283186, "R": 0.9699248120300752}, "tau0.1|n2|s4": {"success": 1.0, "regen": 2.27, "invalid": 0.0, "P": 1.0, "R": 0.9497907949790795}, "tau0.2|n2|s4": {"success": 0.5566666666666666, "regen": 2.743333333333333, "invalid": 0.44333333333333336, "P": 0.827460510328068, "R": 0.8097502972651606}, "tau0.35|n2|s4": {"success": 0.5333333333333333, "regen": 2.7933333333333334, "invalid": 0.4666666666666667, "P": 0.8162291169451074, "R": 0.807556080283353}, "tau0.5|n2|s4": {"success": 0.5333333333333333, "regen": 2.816666666666667, "invalid": 0.4666666666666667, "P": 0.8130177514792899, "R": 0.8130177514792899}, "tau0.65|n2|s4": {"success": 0.5333333333333333, "regen": 2.92, "invalid": 0.4666666666666667, "P": 0.8025114155251142, "R": 0.834916864608076}}